,3nn,GaussianNb,SelectNoSentences,linearsvc__c=0.01,linearsvc__c=0.1,linearsvc__c=1,linearsvc__c=10,linearsvc__c=100,logistic__c=0.01,logistic__c=0.1,logistic__c=1,logistic__c=10,logistic__c=100,tree
accuracy,0.8518720447746793,0.8855829117326752,0.8520380198784135,0.8523702457920349,0.8639937414703409,0.8839212307522641,0.8867436346342068,0.8849170813746708,0.8508752291807392,0.8512074550943604,0.86665085951393,0.8859138969686109,0.8890692160295556,0.8354316869080934
roc_auc,0.5428803953557092,0.6656691313336933,0.5,0.7654130674095246,0.8427568420368875,0.8676421668444121,0.8604976654923124,0.8279923735064323,0.658047567551266,0.7428736320116202,0.8312497750693708,0.8647710116982742,0.8631651428815805,0.6352712278590116
time,99.481,2.532,0.453,1.031,1.984,1.908,1.797,2.122,0.71,0.666,0.708,0.766,0.83,9.706
