,SelectNoSentences,linearsvc__c=0.1,linearsvc__c=0.1__class_weight=100x,linearsvc__c=0.1__class_weight=balanced,linearsvc__c=1,linearsvc__c=10,linearsvc__c=10__class_weight=100x,linearsvc__c=10__class_weight=balanced,linearsvc__c=1__class_weight=100x,linearsvc__c=1__class_weight=balanced,logistic__c=0.1,logistic__c=0.1__class_weight=100x,logistic__c=0.1__class_weight=balanced,logistic__c=1,logistic__c=10,logistic__c=10__class_weight=100x,logistic__c=10__class_weight=balanced,logistic__c=1__class_weight=100x,logistic__c=1__class_weight=balanced,tree
accuracy,0.8520380198784135,0.8827584400545897,0.49551977502377975,0.8545308170551825,0.8842541459312663,0.8820960560234902,0.8375951530858412,0.8530359382969632,0.6340105595456362,0.8538669166402448,0.8731263699149446,0.2944264622765057,0.8216546504735254,0.8815957872099917,0.8862476392660703,0.5903384293020499,0.8527046773548752,0.5071452006451523,0.8498819977667802,0.8125185757020168
recall,0.0,0.32238872261505397,0.8044107417681786,0.6102641640170845,0.38060994950608273,0.39648060392959794,0.5289465587829469,0.49600383781126833,0.633928745839998,0.5391594691799088,0.23320422756652928,0.9720115754547975,0.6368442314904246,0.3280022879015932,0.39370698786255687,0.7225022861647159,0.5564616397626788,0.8533564022599089,0.6206695974902703,0.3419723095445314
roc_auc,0.5,0.8511470556955697,0.744675673750937,0.8452421318488182,0.8273176257123463,0.7868528714333997,0.7404252631342458,0.7639833787492286,0.693220600975178,0.8080528904841806,0.8261955645673467,0.8302919180665205,0.8341801959441175,0.8495367911393472,0.8351612167482259,0.7303759532060596,0.8157958488738822,0.7929781972617436,0.8453077508720277,0.6181239447607079
time,0.603,1.81,2.464,1.707,1.866,2.383,2.331,2.255,2.587,2.111,0.846,0.861,0.893,0.952,1.267,1.302,1.167,1.091,0.913,3.036
