,3nn,GaussianNb,SelectNoSentences,linearsvc__c=0.01,linearsvc__c=0.1,linearsvc__c=1,linearsvc__c=10,linearsvc__c=100,logistic__c=0.01,logistic__c=0.1,logistic__c=1,logistic__c=10,logistic__c=100,tree
accuracy,0.8497135413076743,0.8749549909706236,0.8520380198784135,0.8523702457920349,0.8628315021849712,0.8756183399732566,0.8791056092416702,0.8784415709736564,0.8507092540770047,0.8508753670338154,0.8636616534097958,0.8757836258116098,0.8799361740257234,0.8143456803738575
roc_auc,0.6107148497912025,0.8102679060058131,0.5,0.7451648492837505,0.7994499102633659,0.8165776216617011,0.8199306261712177,0.8088604095908941,0.6546882357312039,0.727317350014028,0.7894710455625578,0.8123613584561026,0.8182536050451474,0.6263539611505196
time,6.432,0.249,0.062,0.38,1.518,1.53,1.531,1.579,0.198,0.125,0.141,0.187,0.219,0.565
