,SelectNoSentences,linearsvc__c=0.1,linearsvc__c=0.1__class_weight=100x,linearsvc__c=0.1__class_weight=balanced,linearsvc__c=1,linearsvc__c=10,linearsvc__c=10__class_weight=100x,linearsvc__c=10__class_weight=balanced,linearsvc__c=1__class_weight=100x,linearsvc__c=1__class_weight=balanced,logistic__c=0.1,logistic__c=0.1__class_weight=100x,logistic__c=0.1__class_weight=balanced,logistic__c=1,logistic__c=10,logistic__c=10__class_weight=100x,logistic__c=10__class_weight=balanced,logistic__c=1__class_weight=100x,logistic__c=1__class_weight=balanced,tree
accuracy,0.8520380198784135,0.8784414331205801,0.14796198012158643,0.8120231317461849,0.8789399098440882,0.8806003501468135,0.5290828634840986,0.8327791180160184,0.14812795522532088,0.8166720888876634,0.8708020291972816,0.15178106174439282,0.7917639679629452,0.8771129430253236,0.8817627272852594,0.15609862009070732,0.808204325829531,0.15576639417708607,0.8023916130188444,0.7995620407769398
recall,0.0,0.2955785590677948,1.0,0.6124527759351601,0.3267895321590789,0.3417758529840492,0.7786188275904694,0.5925330305208417,1.0,0.6091919352156354,0.21880496764270002,1.0,0.6171403554968041,0.3003685724142493,0.3533384804002807,1.0,0.6225260645574127,1.0,0.6238318765757638,0.34476102215083015
roc_auc,0.5,0.8095164156731134,0.7975190811493096,0.8085924188328255,0.811181039069834,0.8118572426137967,0.7469028471376203,0.8056042377583843,0.793102657943402,0.8100206717072531,0.7934191990874463,0.8027943079580602,0.7989631070311016,0.8066123624634238,0.8098386362125369,0.8091976386693874,0.8117423982430264,0.8077290815356493,0.8089823187649763,0.6137423808118936
time,0.065,1.557,1.939,1.648,2.561,1.897,1.618,1.68,1.864,2.095,0.168,0.19,0.184,0.29,0.272,0.337,0.319,0.221,0.224,0.343
