,3nn,GaussianNb,SelectNoSentences,linearsvc__c=0.01,linearsvc__c=0.1,linearsvc__c=1,linearsvc__c=10,linearsvc__c=100,logistic__c=0.01,logistic__c=0.1,logistic__c=1,logistic__c=10,logistic__c=100,tree
accuracy,0.8513739816103996,0.8601759005252202,0.8520380198784135,0.8523702457920349,0.8649900056519761,0.8822607904495389,0.8806004879998897,0.8673169655780869,0.8507092540770047,0.8513735680511709,0.8668175238830456,0.8849187356115852,0.8812650776802083,0.832607353083084
roc_auc,0.5273005807047532,0.6313651693356533,0.5,0.7788792057066105,0.8590113395836779,0.8707384095779618,0.8422702743204618,0.7910439799277273,0.6612791170403275,0.7535276251218791,0.8493042747006132,0.8733693095470138,0.8525078338748855,0.6262439737539219
time,258.39,5.644,1.392,2.203,3.283,3.026,2.668,2.718,1.819,1.765,1.806,1.859,1.94,29.175
