,3nn,GaussianNb,SelectNoSentences,linearsvc__c=0.01,linearsvc__c=0.1,linearsvc__c=1,linearsvc__c=10,linearsvc__c=100,logistic__c=0.01,logistic__c=0.1,logistic__c=1,logistic__c=10,logistic__c=100,tree
accuracy,0.851041479990626,0.8400824361395625,0.8520380198784135,0.8523702457920349,0.8658207082891055,0.882095228905033,0.8716342482182491,0.8545308170551825,0.8507092540770047,0.8512074550943604,0.8658211218483342,0.88192884024207,0.8789405991094691,0.829453274699825
roc_auc,0.536987177562749,0.6166290474999332,0.5,0.7833789428839182,0.8611979499137407,0.8660542129407615,0.8319934858061631,0.790721806812759,0.6633184649332551,0.7572345237113649,0.851892749877812,0.8697051309588474,0.8467934305659007,0.6219042000152039
time,469.382,8.609,2.283,3.095,4.548,4.21,3.798,3.683,2.834,2.844,2.883,2.952,3.063,59.535
