,3nn,GaussianNb,SelectNoSentences,linearsvc__c=0.01,linearsvc__c=0.1,linearsvc__c=1,linearsvc__c=10,linearsvc__c=100,logistic__c=0.01,logistic__c=0.1,logistic__c=1,logistic__c=10,logistic__c=100,tree
accuracy,0.8522041328352241,0.762528776829655,0.8520380198784135,0.8523702457920349,0.8654886202285603,0.8840881708275321,0.8714675838491335,0.855195131029349,0.8507092540770047,0.8512074550943604,0.866485160116348,0.8825942570408458,0.8771139079968571,0.8282940681821314
roc_auc,0.5399224248673259,0.653120864321252,0.5,0.7832363096628648,0.8590656985834982,0.8625977500515264,0.8293052174850549,0.7974189916555099,0.6636530699172571,0.7571135154027434,0.8498670285199014,0.8655464763936065,0.8451949183626078,0.6223165615466195
time,695.642,11.799,3.111,4.082,5.642,5.247,4.803,4.766,3.808,3.814,3.861,3.928,4.048,87.856
