,SelectNoSentences,linearsvc__c=0.1,linearsvc__c=0.1__class_weight=100x,linearsvc__c=0.1__class_weight=balanced,linearsvc__c=1,linearsvc__c=10,linearsvc__c=10__class_weight=100x,linearsvc__c=10__class_weight=balanced,linearsvc__c=1__class_weight=100x,linearsvc__c=1__class_weight=balanced,logistic__c=0.1,logistic__c=0.1__class_weight=100x,logistic__c=0.1__class_weight=balanced,logistic__c=1,logistic__c=10,logistic__c=10__class_weight=100x,logistic__c=10__class_weight=balanced,logistic__c=1__class_weight=100x,logistic__c=1__class_weight=balanced,tree
accuracy,0.8520380198784135,0.8784411574144277,0.8138488578872638,0.8548630429688039,0.8641594408679231,0.8460605726416786,0.8175019644063358,0.8360984822376312,0.8077035056037275,0.8556919535159426,0.8759498766214968,0.6223878909857874,0.8312852042293324,0.8814299499593332,0.8708025806095863,0.7982394783639598,0.8540323403316746,0.7768191781199597,0.8523732785597111,0.7894364566245297
recall,0.0,0.3686718054231388,0.5632967345549273,0.541841978254007,0.4224122931252515,0.42724316470040097,0.42356459848246136,0.4151722535374763,0.45348864556283586,0.46001521558772096,0.2527348439003258,0.8767265524462398,0.6206991435819995,0.37587485097231116,0.4067479601823779,0.5559558422834379,0.4859842838297738,0.6764843118007351,0.5537188809487866,0.39970887277243683
roc_auc,0.5,0.8295101482985725,0.7772962567966089,0.8242161404437025,0.7897773802653114,0.7515302315659762,0.7087843078550249,0.7368081135859698,0.7161522608740525,0.7787470960848097,0.8358954923137029,0.8296412106334818,0.8383438513654624,0.8357888316276119,0.8088038027621961,0.7529709426772851,0.7971576325667337,0.8011997678020831,0.829738443610075,0.6282184667372228
time,4.237,5.538,6.379,5.609,6.185,6.348,6.456,6.432,7.12,6.28,5.841,5.959,6.836,6.439,5.864,6.087,6.053,5.72,6.081,23.927
