,3nn,GaussianNb,SelectNoSentences,linearsvc__c=0.01,linearsvc__c=0.1,linearsvc__c=1,linearsvc__c=10,linearsvc__c=100,logistic__c=0.01,logistic__c=0.1,logistic__c=1,logistic__c=10,logistic__c=100,tree
accuracy,0.852536083042693,0.8910639500420452,0.8520380198784135,0.8523702457920349,0.8639936036172646,0.8849181841992803,0.8892354668394425,0.8884047642023132,0.8508752291807392,0.8512074550943604,0.8664848844101956,0.8857479218648765,0.8905636812285467,0.8321105305964902
roc_auc,0.5582335015819547,0.7297977815468444,0.5,0.7653947684475482,0.842850560333303,0.8677847410217223,0.8652513393879382,0.8477759561948387,0.658050929015803,0.742887303850205,0.8313229570061186,0.8655992814736864,0.8665867629428012,0.6399762175486009
time,51.172,1.267,0.237,0.584,1.688,1.632,1.546,1.797,0.424,0.375,0.407,0.438,0.517,5.195
