,SelectNoSentences,linearsvc__c=0.1,linearsvc__c=0.1__class_weight=100x,linearsvc__c=0.1__class_weight=balanced,linearsvc__c=1,linearsvc__c=10,linearsvc__c=10__class_weight=100x,linearsvc__c=10__class_weight=balanced,linearsvc__c=1__class_weight=100x,linearsvc__c=1__class_weight=balanced,logistic__c=0.1,logistic__c=0.1__class_weight=100x,logistic__c=0.1__class_weight=balanced,logistic__c=1,logistic__c=10,logistic__c=10__class_weight=100x,logistic__c=10__class_weight=balanced,logistic__c=1__class_weight=100x,logistic__c=1__class_weight=balanced,tree
accuracy,0.8520380198784135,0.8809321625012062,0.3055510676720751,0.8387565652527537,0.8840873437090749,0.8842533188128092,0.830950772666492,0.8488850443197642,0.39389048951627353,0.8392550419762618,0.8732922071656029,0.24776402310417556,0.8120232695992611,0.8832559518065647,0.8850840214499387,0.38177210129444045,0.8382585020884742,0.3376012186211935,0.8347709571139081,0.8150079265518808
recall,0.0,0.3218720345534366,0.922623213712183,0.6467967923060968,0.4051648656576085,0.4277935733297283,0.5697568022627457,0.5806838556243922,0.8119688527969007,0.606061367347952,0.23680919994221988,0.9888499789982589,0.6470480381175087,0.34844871059296845,0.41574581455998166,0.8624587156935981,0.6262260513571453,0.9280813809505958,0.6571220379548212,0.33609567411174285
roc_auc,0.5,0.8469265554893879,0.7548083468810828,0.8388642395453363,0.8347173775683443,0.8116701896533695,0.7613944110477374,0.7905898048267723,0.7184533582879925,0.8187789848182596,0.8218087791608213,0.8253703127614355,0.8294118479944077,0.8446663270001459,0.8361486336359336,0.7574397600435603,0.8209760040499171,0.7967098001399777,0.8389953671272632,0.617233411114644
time,0.269,1.538,1.991,1.614,1.834,1.939,2.033,2.014,2.064,1.973,0.437,0.477,0.474,0.591,0.721,0.847,0.731,0.601,0.532,1.644
