,3nn,GaussianNb,SelectNoSentences,linearsvc__c=0.01,linearsvc__c=0.1,linearsvc__c=1,linearsvc__c=10,linearsvc__c=100,logistic__c=0.01,logistic__c=0.1,logistic__c=1,logistic__c=10,logistic__c=100,tree
accuracy,0.8442338815290663,0.8653258157455783,0.8520380198784135,0.8522041328352241,0.8624995519775023,0.8713009194800181,0.8746222136446974,0.8747881887484319,0.8507092540770047,0.8507092540770047,0.862831364331895,0.8734588715347182,0.8756182021201802,0.8108567568685295
roc_auc,0.6331034686059581,0.7857220799306142,0.5,0.7407205157529679,0.7886097386975999,0.7976253438739836,0.7982470145881334,0.7853787904519403,0.6539435285650164,0.7239695555826303,0.7796126633543745,0.7945994811976677,0.795995766227189,0.6168663546343891
time,3.345,0.141,0.047,0.443,1.755,2.389,2.002,1.797,0.14,0.111,0.143,0.18,0.187,0.326
