,accuracy,accuracy_std,algo_name,feature_selector,max_features,name,roc_auc,roc_auc_std,time,weights
0,0.8696393966674805,0.014710654504597187,DNN,,,DNN_6800steps,0.8052747845649719,0.01707812026143074,196.9690237045288,
