,accuracy,accuracy_std,algo_name,feature_selector,max_features,name,roc_auc,roc_auc_std,time,weights
0,0.8749558329582214,0.009092564694583416,DNN,,,DNN_6400steps,0.8206340074539185,0.007974612526595592,185.99470715522767,
1,0.8947717547416687,0.007966805249452591,DNN,,,DNN_4200steps,0.8107134699821472,0.011192752048373222,121.74631471633911,
