,SelectNoSentences,linearsvc__c=0.1,linearsvc__c=0.1__class_weight=100x,linearsvc__c=0.1__class_weight=balanced,linearsvc__c=1,linearsvc__c=10,linearsvc__c=10__class_weight=100x,linearsvc__c=10__class_weight=balanced,linearsvc__c=1__class_weight=100x,linearsvc__c=1__class_weight=balanced,logistic__c=0.1,logistic__c=0.1__class_weight=100x,logistic__c=0.1__class_weight=balanced,logistic__c=1,logistic__c=10,logistic__c=10__class_weight=100x,logistic__c=10__class_weight=balanced,logistic__c=1__class_weight=100x,logistic__c=1__class_weight=balanced,tree
accuracy,0.8759524180971697,0.8977586682126517,0.25792238720222976,0.8251628132281926,0.8982279307095397,0.8982278964220425,0.7993837698607946,0.8467762418883877,0.43057904534845337,0.8291376903979959,0.8942807883152781,0.29319894158305754,0.8064202576629222,0.8981175059198316,0.8981727659362096,0.34340872201544953,0.8232030465584211,0.3338305134724148,0.8200838595987943,0.8534004873015301
recall,0.0,0.2793892653485295,0.9828013479607239,0.7088682564265617,0.33282277956422207,0.3407597476958198,0.6697276219128953,0.6432352707465251,0.9289263784664771,0.6922502406149846,0.23955296957285332,0.9872420238482112,0.728568575602505,0.3224139783638381,0.36878409868831574,0.9647557140427832,0.7035961314130448,0.9752240939162966,0.7199928525747683,0.3132675152410891
roc_auc,0.5,0.8575111366557733,0.8237903062668493,0.8573052769787788,0.8549880467806451,0.8510842247882024,0.8269663055530334,0.8449603514467718,0.818269583937355,0.8525845144605076,0.846466557430914,0.8461977843949742,0.8519761564653198,0.8575186883979937,0.8566784503749634,0.8301472517439844,0.8538640547096088,0.8394355505630584,0.8578113605218066,0.6211804012667146
time,2.688,18.317,23.193,22.193,19.534,23.053,24.208,23.616,23.194,22.711,5.634,6.079,5.596,6.534,9.691,11.486,9.985,7.876,6.986,97.961
