,SelectNoSentences,linearsvc__c=0.1,linearsvc__c=0.1__class_weight=100x,linearsvc__c=0.1__class_weight=balanced,linearsvc__c=1,linearsvc__c=10,linearsvc__c=10__class_weight=100x,linearsvc__c=10__class_weight=balanced,linearsvc__c=1__class_weight=100x,linearsvc__c=1__class_weight=balanced,logistic__c=0.1,logistic__c=0.1__class_weight=100x,logistic__c=0.1__class_weight=balanced,logistic__c=1,logistic__c=10,logistic__c=10__class_weight=100x,logistic__c=10__class_weight=balanced,logistic__c=1__class_weight=100x,logistic__c=1__class_weight=balanced,tree
accuracy,0.8759524180971697,0.8894502133158543,0.12490327973245086,0.7799765359227251,0.8896158066886146,0.8896986490916575,0.6543314119000854,0.8228994041023465,0.16592183174477454,0.7808046094587395,0.8894778642775136,0.14557816815998242,0.7691285127779025,0.8900575248960564,0.8898918781871895,0.1461854340235216,0.7743730826383924,0.14615782877852504,0.7738486439390087,0.8271777408615725
recall,0.0,0.17214991431181695,0.9997714285714286,0.6609827122775248,0.1770151509492886,0.1877192052729255,0.7246994666053616,0.5641969466106248,0.9908075660870639,0.6598913367233844,0.190400495043388,0.9975336575601567,0.6761264241247815,0.21327117910195953,0.21813354290489842,0.9973190652854786,0.6716296878273843,0.9973190652854786,0.6738780010122862,0.32552297096368255
roc_auc,0.5,0.8052383472949807,0.8051384015536293,0.8085380121642641,0.8054062962608439,0.8045175825275832,0.7626875500018313,0.7994131144623549,0.7948530360163035,0.8087537118267629,0.8041775776616623,0.8073522330844917,0.8081477633305543,0.8056266151391298,0.8057365038639321,0.8081978554985554,0.8094338064132988,0.8080474596109447,0.8092802396622678,0.6097645628183408
time,0.344,14.986,16.847,16.865,16.096,17.273,17.441,17.472,17.208,17.082,1.673,1.564,1.594,1.737,2.236,2.491,2.93,2.221,2.092,3.377
